,service_category
0,Natural Hair
1,Weaves
2,Women's Haircut
3,Eyelashes
4,Locs
5,Women's Haircut
6,Waxing
7,Men's Haircut
8,Men's Haircut
9,Hair Color
10,Eyelashes
11,Hair Color
12,Hair Color
13,Men's Haircut
14,Manicure
15,Natural Hair
16,Relaxers
17,Hair Color
18,Waxing
19,Weaves
20,Relaxers
21,Women's Haircut
22,Hair Color
23,Women's Haircut
24,Eyebrows
25,Locs
26,Braids
27,Manicure
28,Hair Color
29,Hair Color
30,Women's Haircut
31,Men's Haircut
32,Natural Hair
33,Weaves
34,Women's Haircut
35,Men's Haircut
36,Manicure
37,Locs
38,Women's Haircut
39,Sets & Styles
40,Hair Color
41,Weaves
42,Hair Color
43,Eyebrows
44,Women's Haircut
45,Braids
46,Men's Haircut
47,Natural Hair
48,Women's Haircut
49,Highlights
50,Women's Haircut
51,Sets & Styles
52,Braids
53,Hair Treatments
54,Barber
55,Manicure
56,Weaves
57,Women's Haircut
58,Men's Haircut
59,Men's Haircut
60,Natural Hair
61,Women's Haircut
62,Women's Haircut
63,Braids
64,Women's Haircut
65,Eyebrows
66,Natural Hair
67,Hair Color
68,Eyebrows
69,Waxing
70,Hair Color
71,Hair Treatments
72,Women's Haircut
73,Women's Haircut
74,Sets & Styles
75,Women's Haircut
76,Weaves
77,Women's Haircut
78,Natural Hair
79,Hair Color
80,Eyebrows
81,Women's Haircut
82,Women's Haircut
83,Women's Haircut
84,Men's Haircut
85,Relaxers
86,Hair Color
87,Eyebrows
88,Women's Haircut
89,Braids
90,Manicure
91,Braids
92,Eyelashes
93,Eyebrows
94,Manicure
95,Sets & Styles
96,Braids
97,Hair Treatments
98,Eyelashes
99,Hair Color
100,Braids
101,Weaves
102,Eyebrows
103,Braids
104,Locs
105,Weaves
106,Braids
107,Hair Color
108,Men's Haircut
109,Women's Haircut
110,Eyebrows
111,Men's Haircut
112,Hair Color
113,Eyebrows
114,Manicure
115,Hair Color
116,Waxing
117,Women's Haircut
118,Hair Color
119,Braids
120,Waxing
121,Hair Color
122,Women's Haircut
123,Braids
124,Women's Haircut
125,Women's Haircut
126,Eyelashes
127,Women's Haircut
128,Manicure
129,Eyelashes
130,Sets & Styles
131,Women's Haircut
132,Braids
133,Women's Haircut
134,Natural Hair
135,Hair Color
136,Style
137,Hair Color
138,Hair Color
139,Eyebrows
140,Braids
141,Women's Haircut
142,Women's Haircut
143,Women's Haircut
144,Highlights
145,Manicure
146,Manicure
147,Eyelashes
148,Eyelashes
149,Braids
150,Hair Color
151,Manicure
152,Eyelashes
153,Hair Treatments
154,Women's Haircut
155,Natural Hair
156,Women's Haircut
157,Eyebrows
158,Men's Haircut
159,Eyelashes
160,Women's Haircut
161,Manicure
162,Women's Haircut
163,Eyebrows
164,Eyebrows
165,Hair Color
166,Women's Haircut
167,Women's Haircut
168,Eyebrows
169,Waxing
170,Women's Haircut
171,Braids
172,Weaves
173,Eyelashes
174,Hair Color
175,Eyebrows
176,Braids
177,Hair Color
178,Women's Haircut
179,Women's Haircut
180,Women's Haircut
181,Women's Haircut
182,Natural Hair
183,Weaves
184,Women's Haircut
185,Manicure
186,Eyelashes
187,Hair Color
188,Weaves
189,Women's Haircut
190,Sets & Styles
191,Women's Haircut
192,Women's Haircut
193,Men's Haircut
194,Hair Color
195,Women's Haircut
196,Hair Color
197,Highlights
198,Men's Haircut
199,Women's Haircut
200,Men's Haircut
201,Manicure
202,Women's Haircut
203,Hair Color
204,Braids
205,Women's Haircut
206,Eyelashes
207,Women's Haircut
208,Waxing
209,Skincare
210,Style
211,Women's Haircut
212,Eyelashes
213,Women's Haircut
214,Natural Hair
215,Women's Haircut
216,Men's Haircut
217,Manicure
218,Hair Color
219,Hair Treatments
220,Women's Haircut
221,Women's Haircut
222,Women's Haircut
223,Hair Treatments
224,Hair Color
225,Men's Haircut
226,Highlights
227,Women's Haircut
228,Women's Haircut
229,Women's Haircut
230,Highlights
231,Hair Color
232,Style
233,Eyebrows
234,Eyelashes
235,Hair Color
236,Eyebrows
237,Braids
238,Hair Color
239,Eyebrows
240,Eyebrows
241,Manicure
242,Women's Haircut
243,Women's Haircut
244,Hair Color
245,Braids
246,Men's Haircut
247,Hair Color
248,Men's Haircut
249,Weaves
250,Women's Haircut
251,Hair Color
252,Highlights
253,Women's Haircut
254,Braids
255,Weaves
256,Men's Haircut
257,Hair Color
258,Waxing
259,Manicure
260,Highlights
261,Women's Haircut
262,Manicure
263,Natural Hair
264,Hair Color
265,Braids
266,Hair Color
267,Hair Color
268,Manicure
269,Manicure
270,Hair Color
271,Braids
272,Natural Hair
273,Manicure
274,Manicure
275,Manicure
276,Women's Haircut
277,Hair Color
278,Style
279,Manicure
280,Hair Color
281,Manicure
282,Eyelashes
283,Hair Color
284,Manicure
285,Women's Haircut
286,Hair Treatments
287,Hair Color
288,Braids
289,Braids
290,Eyelashes
291,Women's Haircut
292,Eyebrows
293,Highlights
294,Locs
295,Style
296,Women's Haircut
297,Manicure
298,Women's Haircut
299,Hair Color
300,Women's Haircut
301,Braids
302,Eyelashes
303,Manicure
304,Braids
305,Hair Color
306,Women's Haircut
307,Eyebrows
308,Braids
309,Hair Treatments
310,Eyebrows
311,Women's Haircut
312,Manicure
313,Women's Haircut
314,Manicure
315,Men's Haircut
316,Hair Color
317,Eyelashes
318,Women's Haircut
319,Braids
320,Hair Color
321,Women's Haircut
322,Hair Color
323,Eyebrows
324,Manicure
325,Braids
326,Manicure
327,Relaxers
328,Natural Hair
329,Women's Haircut
330,Manicure
331,Manicure
332,Weaves
333,Hair Color
334,Women's Haircut
335,Eyebrows
336,Women's Haircut
337,Manicure
338,Natural Hair
339,Eyelashes
340,Manicure
341,Eyelashes
342,Hair Color
343,Eyelashes
344,Men's Haircut
345,Manicure
346,Natural Hair
347,Hair Color
348,Waxing
349,Women's Haircut
350,Women's Haircut
351,Braids
352,Weaves
353,Hair Color
354,Weaves
355,Natural Hair
356,Hair Color
357,Natural Hair
358,Men's Haircut
359,Eyebrows
360,Manicure
361,Eyebrows
362,Women's Haircut
363,Braids
364,Weaves
365,Locs
366,Men's Haircut
367,Waxing
368,Manicure
369,Eyebrows
370,Hair Treatments
371,Women's Haircut
372,Hair Color
373,Hair Color
374,Makeup
375,Braids
376,Eyebrows
377,Hair Color
378,Eyelashes
379,Hair Color
380,Men's Haircut
381,Manicure
382,Hair Color
383,Manicure
384,Women's Haircut
385,Braids
386,Hair Color
387,Waxing
388,Eyebrows
389,Women's Haircut
390,Women's Haircut
391,Braids
392,Hair Treatments
393,Women's Haircut
394,Weaves
395,Manicure
396,Braids
397,Women's Haircut
398,Hair Color
399,Relaxers
400,Women's Haircut
401,Manicure
402,Hair Color
403,Natural Hair
404,Women's Haircut
405,Skincare
406,Women's Haircut
407,Women's Haircut
408,Eyelashes
409,Hair Color
410,Braids
411,Weaves
412,Women's Haircut
413,Hair Color
414,Hair Color
415,Hair Color
416,Women's Haircut
417,Eyebrows
418,Braids
419,Hair Color
420,Weaves
421,Eyebrows
422,Braids
423,Hair Color
424,Eyebrows
425,Hair Color
426,Braids
427,Men's Haircut
428,Eyebrows
429,Women's Haircut
430,Highlights
431,Weaves
432,Women's Haircut
433,Hair Color
434,Hair Color
435,Manicure
436,Eyelashes
437,Locs
438,Women's Haircut
439,Waxing
440,Braids
441,Manicure
442,Eyebrows
443,Hair Treatments
444,Women's Haircut
445,Braids
446,Hair Color
447,Women's Haircut
448,Manicure
449,Hair Treatments
450,Braids
451,Men's Haircut
452,Hair Treatments
453,Sets & Styles
454,Hair Color
455,Women's Haircut
456,Hair Color
457,Weaves
458,Sets & Styles
459,Manicure
460,Manicure
461,Eyebrows
462,Women's Haircut
463,Women's Haircut
464,Weaves
465,Hair Color
466,Braids
467,Eyelashes
468,Hair Color
469,Women's Haircut
470,Eyebrows
471,Hair Color
472,Eyelashes
473,Weaves
474,Manicure
475,Highlights
476,Manicure
477,Braids
478,Women's Haircut
479,Manicure
480,Eyebrows
481,Hair Treatments
482,Hair Color
483,Braids
484,Women's Haircut
485,Eyelashes
486,Locs
487,Women's Haircut
488,Manicure
489,Women's Haircut
490,Manicure
491,Women's Haircut
492,Women's Haircut
493,Women's Haircut
494,Weaves
495,Manicure
496,Braids
497,Women's Haircut
498,Braids
499,Eyebrows
500,Hair Color
501,Eyebrows
502,Manicure
503,Men's Haircut
504,Hair Color
505,Weaves
506,Natural Hair
507,Weaves
508,Women's Haircut
509,Locs
510,Hair Color
511,Women's Haircut
512,Hair Color
513,Eyebrows
514,Women's Haircut
515,Eyebrows
516,Locs
517,Women's Haircut
518,Manicure
519,Eyelashes
520,Men's Haircut
521,Women's Haircut
522,Weaves
523,Hair Color
524,Hair Color
525,Braids
526,Eyebrows
527,Manicure
528,Hair Color
529,Manicure
530,Women's Haircut
531,Weaves
532,Hair Color
533,Style
534,Women's Haircut
535,Weaves
536,Braids
537,Waxing
538,Women's Haircut
539,Hair Color
540,Eyelashes
541,Eyelashes
542,Waxing
543,Style
544,Braids
545,Natural Hair
546,Sets & Styles
547,Eyelashes
548,Manicure
549,Style
550,Braids
551,Women's Haircut
552,Manicure
553,Women's Haircut
554,Braids
555,Hair Color
556,Eyebrows
557,Women's Haircut
558,Hair Color
559,Manicure
560,Braids
561,Eyelashes
562,Women's Haircut
563,Braids
564,Women's Haircut
565,Manicure
566,Manicure
567,Hair Color
568,Manicure
569,Men's Haircut
570,Hair Color
571,Women's Haircut
572,Women's Haircut
573,Barber
574,Manicure
575,Hair Color
576,Natural Hair
577,Braids
578,Men's Haircut
579,Manicure
580,Manicure
581,Braids
582,Hair Color
583,Women's Haircut
584,Eyebrows
585,Braids
586,Hair Color
587,Weaves
588,Men's Haircut
589,Eyebrows
590,Manicure
591,Hair Color
592,Hair Color
593,Natural Hair
594,Manicure
595,Women's Haircut
596,Women's Haircut
597,Women's Haircut
598,Women's Haircut
599,Braids
600,Weaves
601,Weaves
602,Hair Color
603,Hair Color
604,Men's Haircut
605,Eyelashes
606,Women's Haircut
607,Relaxers
608,Men's Haircut
609,Relaxers
610,Manicure
611,Hair Color
612,Braids
613,Braids
614,Women's Haircut
615,Women's Haircut
616,Weaves
617,Manicure
618,Style
619,Women's Haircut
620,Manicure
621,Women's Haircut
622,Eyebrows
623,Eyelashes
624,Weaves
625,Women's Haircut
626,Hair Color
627,Manicure
628,Manicure
629,Barber
630,Hair Color
631,Women's Haircut
632,Sets & Styles
633,Women's Haircut
634,Eyebrows
635,Women's Haircut
636,Eyebrows
637,Hair Color
638,Women's Haircut
639,Manicure
640,Weaves
641,Natural Hair
642,Hair Color
643,Waxing
644,Eyelashes
645,Hair Color
646,Weaves
647,Natural Hair
648,Locs
649,Women's Haircut
650,Eyebrows
651,Women's Haircut
652,Women's Haircut
653,Men's Haircut
654,Braids
655,Locs
656,Women's Haircut
657,Natural Hair
658,Eyelashes
659,Eyelashes
660,Women's Haircut
661,Waxing
662,Eyebrows
663,Women's Haircut
664,Men's Haircut
665,Hair Color
666,Women's Haircut
667,Locs
668,Hair Treatments
669,Weaves
670,Highlights
671,Women's Haircut
672,Eyebrows
673,Eyelashes
674,Hair Treatments
675,Women's Haircut
676,Hair Color
677,Women's Haircut
678,Natural Hair
679,Weaves
680,Weaves
681,Locs
682,Hair Color
683,Braids
684,Braids
685,Men's Haircut
686,Hair Color
687,Women's Haircut
688,Braids
689,Eyelashes
690,Women's Haircut
691,Hair Color
692,Women's Haircut
693,Women's Haircut
694,Women's Haircut
695,Sets & Styles
696,Eyebrows
697,Women's Haircut
698,Natural Hair
699,Weaves
700,Braids
701,Women's Haircut
702,Women's Haircut
703,Braids
704,Women's Haircut
705,Eyebrows
706,Weaves
707,Men's Haircut
708,Hair Color
709,Eyelashes
710,Manicure
711,Women's Haircut
712,Hair Color
713,Braids
714,Women's Haircut
715,Hair Color
716,Weaves
717,Manicure
718,Women's Haircut
719,Women's Haircut
720,Braids
721,Locs
722,Braids
723,Hair Color
724,Sets & Styles
725,Manicure
726,Hair Treatments
727,Hair Color
728,Manicure
729,Eyebrows
730,Weaves
731,Style
732,Eyelashes
733,Hair Color
734,Eyelashes
735,Women's Haircut
736,Women's Haircut
737,Hair Treatments
738,Men's Haircut
739,Eyelashes
740,Hair Color
741,Women's Haircut
742,Eyebrows
743,Weaves
744,Weaves
745,Manicure
746,Natural Hair
747,Manicure
748,Natural Hair
749,Relaxers
750,Weaves
751,Waxing
752,Men's Haircut
753,Highlights
754,Style
755,Hair Color
756,Hair Color
757,Waxing
758,Hair Color
759,Hair Color
760,Natural Hair
761,Women's Haircut
762,Hair Color
763,Eyebrows
764,Waxing
765,Hair Color
766,Manicure
767,Natural Hair
768,Hair Color
769,Natural Hair
770,Eyebrows
771,Weaves
772,Manicure
773,Manicure
774,Women's Haircut
775,Waxing
776,Weaves
777,Braids
778,Eyebrows
779,Natural Hair
780,Hair Color
781,Weaves
782,Women's Haircut
783,Weaves
784,Eyebrows
785,Eyelashes
786,Hair Color
787,Manicure
788,Women's Haircut
789,Women's Haircut
790,Style
791,Women's Haircut
792,Braids
793,Weaves
794,Braids
795,Highlights
796,Women's Haircut
797,Weaves
798,Natural Hair
799,Locs
800,Manicure
801,Weaves
802,Braids
803,Hair Color
804,Natural Hair
805,Eyelashes
806,Women's Haircut
807,Eyebrows
808,Eyebrows
809,Women's Haircut
810,Braids
811,Eyelashes
812,Hair Color
813,Weaves
814,Men's Haircut
815,Manicure
816,Women's Haircut
817,Weaves
818,Hair Color
819,Braids
820,Natural Hair
821,Weaves
822,Hair Color
823,Women's Haircut
824,Natural Hair
825,Hair Color
826,Hair Color
827,Eyelashes
828,Women's Haircut
829,Women's Haircut
830,Natural Hair
831,Women's Haircut
832,Braids
833,Men's Haircut
834,Women's Haircut
835,Braids
836,Braids
837,Women's Haircut
838,Women's Haircut
839,Hair Color
840,Hair Color
841,Manicure
842,Barber
843,Hair Treatments
844,Women's Haircut
845,Hair Color
846,Women's Haircut
847,Braids
848,Weaves
849,Women's Haircut
850,Women's Haircut
851,Hair Color
852,Hair Color
853,Women's Haircut
854,Hair Color
855,Women's Haircut
856,Braids
857,Natural Hair
858,Braids
859,Weaves
860,Women's Haircut
861,Waxing
862,Hair Color
863,Hair Color
864,Hair Color
865,Women's Haircut
866,Manicure
867,Manicure
868,Makeup
869,Makeup
870,Eyelashes
871,Women's Haircut
872,Manicure
873,Women's Haircut
874,Women's Haircut
875,Women's Haircut
876,Hair Color
877,Eyelashes
878,Manicure
879,Natural Hair
880,Women's Haircut
881,Eyebrows
882,Braids
883,Hair Color
884,Weaves
885,Hair Treatments
886,Style
887,Women's Haircut
888,Eyelashes
889,Men's Haircut
890,Style
891,Eyebrows
892,Sets & Styles
893,Eyelashes
894,Manicure
895,Braids
896,Braids
897,Women's Haircut
898,Sets & Styles
899,Eyelashes
900,Weaves
901,Women's Haircut
902,Manicure
903,Men's Haircut
904,Women's Haircut
905,Women's Haircut
906,Natural Hair
907,Braids
908,Highlights
909,Eyebrows
910,Women's Haircut
911,Women's Haircut
912,Women's Haircut
913,Manicure
914,Natural Hair
915,Waxing
916,Manicure
917,Eyebrows
918,Hair Color
919,Manicure
920,Women's Haircut
921,Hair Treatments
922,Braids
923,Manicure
924,Braids
925,Hair Color
926,Women's Haircut
927,Weaves
928,Hair Color
929,Sets & Styles
930,Eyelashes
931,Natural Hair
932,Weaves
933,Eyebrows
934,Manicure
935,Hair Color
936,Manicure
937,Braids
938,Manicure
939,Style
940,Men's Haircut
941,Men's Haircut
942,Locs
943,Hair Color
944,Manicure
945,Weaves
946,Braids
947,Men's Haircut
948,Sets & Styles
949,Hair Color
950,Waxing
951,Hair Treatments
952,Women's Haircut
953,Men's Haircut
954,Natural Hair
955,Eyelashes
956,Hair Color
957,Natural Hair
958,Women's Haircut
959,Eyelashes
960,Eyelashes
961,Women's Haircut
962,Hair Treatments
963,Waxing
964,Highlights
965,Braids
966,Eyebrows
967,Women's Haircut
968,Eyebrows
969,Women's Haircut
970,Eyelashes
971,Men's Haircut
972,Hair Color
973,Hair Color
974,Braids
975,Weaves
976,Braids
977,Eyebrows
978,Women's Haircut
979,Manicure
980,Women's Haircut
981,Weaves
982,Eyebrows
983,Hair Color
984,Manicure
985,Weaves
986,Hair Color
987,Waxing
988,Hair Color
989,Eyelashes
990,Braids
991,Eyebrows
992,Weaves
993,Women's Haircut
994,Hair Color
995,Men's Haircut
996,Hair Color
997,Hair Color
998,Eyebrows
999,Eyebrows
1000,Weaves
1001,Braids
1002,Waxing
1003,Women's Haircut
1004,Hair Treatments
1005,Weaves
1006,Natural Hair
1007,Waxing
1008,Women's Haircut
1009,Natural Hair
1010,Men's Haircut
1011,Eyebrows
1012,Weaves
1013,Women's Haircut
1014,Women's Haircut
1015,Braids
1016,Natural Hair
1017,Women's Haircut
1018,Manicure
1019,Manicure
1020,Eyebrows
1021,Women's Haircut
1022,Hair Treatments
1023,Women's Haircut
1024,Braids
1025,Braids
1026,Eyelashes
1027,Manicure
1028,Eyelashes
1029,Natural Hair
1030,Hair Color
1031,Men's Haircut
1032,Manicure
1033,Hair Treatments
1034,Weaves
1035,Weaves
1036,Eyelashes
1037,Manicure
1038,Women's Haircut
1039,Women's Haircut
1040,Men's Haircut
1041,Eyelashes
1042,Hair Color
1043,Braids
1044,Hair Color
1045,Weaves
1046,Style
1047,Natural Hair
1048,Braids
1049,Braids
1050,Braids
1051,Locs
1052,Waxing
1053,Women's Haircut
1054,Women's Haircut
1055,Women's Haircut
1056,Women's Haircut
1057,Braids
1058,Waxing
1059,Hair Color
1060,Natural Hair
1061,Manicure
1062,Braids
1063,Natural Hair
1064,Eyelashes
1065,Hair Color
1066,Men's Haircut
1067,Hair Color
1068,Hair Treatments
1069,Eyebrows
1070,Natural Hair
1071,Eyebrows
1072,Sets & Styles
1073,Women's Haircut
1074,Hair Color
1075,Sets & Styles
1076,Locs
1077,Eyelashes
1078,Women's Haircut
1079,Manicure
1080,Braids
1081,Women's Haircut
1082,Women's Haircut
1083,Women's Haircut
1084,Highlights
1085,Men's Haircut
1086,Eyebrows
1087,Men's Haircut
1088,Skincare
1089,Eyebrows
1090,Weaves
1091,Braids
1092,Men's Haircut
1093,Braids
1094,Eyebrows
1095,Makeup
1096,Weaves
1097,Hair Color
1098,Sets & Styles
1099,Hair Color
1100,Hair Color
1101,Braids
1102,Men's Haircut
1103,Women's Haircut
1104,Women's Haircut
1105,Women's Haircut
1106,Eyelashes
1107,Manicure
1108,Manicure
1109,Natural Hair
1110,Braids
1111,Eyebrows
1112,Women's Haircut
1113,Eyelashes
1114,Braids
1115,Eyelashes
1116,Locs
1117,Eyebrows
1118,Natural Hair
1119,Braids
1120,Hair Color
1121,Barber
1122,Manicure
1123,Braids
1124,Manicure
1125,Makeup
1126,Manicure
1127,Braids
1128,Natural Hair
1129,Eyebrows
1130,Women's Haircut
1131,Weaves
1132,Hair Color
1133,Natural Hair
1134,Manicure
1135,Eyebrows
1136,Hair Color
1137,Highlights
1138,Women's Haircut
1139,Eyelashes
1140,Waxing
1141,Eyebrows
1142,Hair Color
1143,Men's Haircut
1144,Weaves
1145,Eyebrows
1146,Hair Treatments
1147,Men's Haircut
1148,Braids
1149,Women's Haircut
1150,Manicure
1151,Women's Haircut
1152,Women's Haircut
1153,Natural Hair
1154,Manicure
1155,Women's Haircut
1156,Women's Haircut
1157,Women's Haircut
1158,Braids
1159,Manicure
1160,Women's Haircut
1161,Women's Haircut
1162,Manicure
1163,Women's Haircut
1164,Weaves
1165,Manicure
1166,Women's Haircut
1167,Hair Treatments
1168,Women's Haircut
1169,Waxing
1170,Style
1171,Braids
1172,Style
1173,Hair Color
1174,Manicure
1175,Weaves
1176,Manicure
1177,Waxing
1178,Men's Haircut
1179,Waxing
1180,Natural Hair
1181,Hair Color
1182,Braids
1183,Braids
1184,Style
1185,Braids
1186,Women's Haircut
1187,Eyebrows
1188,Men's Haircut
1189,Natural Hair
1190,Women's Haircut
1191,Hair Color
1192,Women's Haircut
1193,Extensions
1194,Natural Hair
1195,Eyebrows
1196,Hair Color
1197,Women's Haircut
1198,Braids
1199,Weaves
1200,Women's Haircut
1201,Weaves
1202,Weaves
1203,Women's Haircut
1204,Weaves
1205,Braids
1206,Women's Haircut
1207,Manicure
1208,Weaves
1209,Sets & Styles
1210,Men's Haircut
1211,Natural Hair
1212,Waxing
1213,Women's Haircut
1214,Manicure
1215,Hair Color
1216,Hair Color
1217,Braids
1218,Braids
1219,Manicure
1220,Eyebrows
1221,Style
1222,Waxing
1223,Braids
1224,Women's Haircut
1225,Eyebrows
1226,Eyebrows
1227,Manicure
1228,Eyebrows
1229,Weaves
1230,Braids
1231,Weaves
1232,Women's Haircut
1233,Manicure
1234,Men's Haircut
1235,Hair Color
1236,Locs
1237,Braids
1238,Eyelashes
1239,Waxing
1240,Women's Haircut
1241,Hair Color
1242,Women's Haircut
1243,Hair Color
1244,Eyelashes
1245,Manicure
1246,Women's Haircut
1247,Manicure
1248,Men's Haircut
1249,Eyelashes
1250,Women's Haircut
1251,Hair Treatments
1252,Men's Haircut
1253,Eyelashes
1254,Natural Hair
1255,Eyebrows
1256,Women's Haircut
1257,Women's Haircut
1258,Relaxers
1259,Eyelashes
1260,Eyebrows
1261,Eyebrows
1262,Hair Color
1263,Women's Haircut
1264,Manicure
1265,Women's Haircut
1266,Hair Color
1267,Eyelashes
1268,Hair Color
1269,Women's Haircut
1270,Women's Haircut
1271,Braids
1272,Natural Hair
1273,Weaves
1274,Hair Treatments
1275,Hair Color
1276,Hair Color
1277,Straightening Treatments
1278,Hair Treatments
1279,Eyelashes
1280,Hair Color
1281,Eyelashes
1282,Highlights
1283,Eyebrows
1284,Hair Color
1285,Hair Color
1286,Men's Haircut
1287,Waxing
1288,Hair Color
1289,Weaves
1290,Hair Color
1291,Women's Haircut
1292,Eyebrows
1293,Makeup
1294,Braids
1295,Women's Haircut
1296,Weaves
1297,Manicure
1298,Eyebrows
1299,Eyelashes
1300,Relaxers
1301,Manicure
1302,Manicure
1303,Manicure
1304,Eyelashes
1305,Women's Haircut
1306,Eyebrows
1307,Weaves
1308,Women's Haircut
1309,Eyebrows
1310,Women's Haircut
1311,Eyebrows
1312,Hair Color
1313,Manicure
1314,Hair Color
1315,Manicure
1316,Manicure
1317,Braids
1318,Manicure
1319,Women's Haircut
1320,Natural Hair
1321,Manicure
1322,Hair Color
1323,Eyebrows
1324,Weaves
1325,Women's Haircut
1326,Weaves
1327,Hair Color
1328,Weaves
1329,Waxing
1330,Eyelashes
1331,Women's Haircut
1332,Weaves
1333,Women's Haircut
1334,Braids
1335,Men's Haircut
1336,Hair Color
1337,Weaves
1338,Barber
1339,Manicure
1340,Women's Haircut
1341,Women's Haircut
1342,Men's Haircut
1343,Hair Color
1344,Makeup
1345,Braids
1346,Hair Color
1347,Manicure
1348,Eyelashes
1349,Weaves
1350,Waxing
1351,Relaxers
1352,Hair Color
1353,Women's Haircut
1354,Style
1355,Hair Color
1356,Women's Haircut
1357,Hair Color
1358,Weaves
1359,Hair Color
1360,Eyebrows
1361,Braids
1362,Braids
1363,Hair Color
1364,Braids
1365,Manicure
1366,Waxing
1367,Braids
1368,Style
1369,Waxing
1370,Women's Haircut
1371,Hair Treatments
1372,Style
1373,Hair Color
1374,Braids
1375,Hair Color
1376,Weaves
1377,Natural Hair
1378,Eyelashes
1379,Men's Haircut
1380,Weaves
1381,Men's Haircut
1382,Men's Haircut
1383,Barber
1384,Eyebrows
1385,Manicure
1386,Eyebrows
1387,Eyelashes
1388,Women's Haircut
1389,Braids
1390,Eyebrows
1391,Braids
1392,Women's Haircut
1393,Weaves
1394,Braids
1395,Highlights
1396,Hair Color
1397,Eyebrows
1398,Braids
1399,Men's Haircut
1400,Hair Color
1401,Hair Treatments
1402,Women's Haircut
1403,Women's Haircut
1404,Hair Treatments
1405,Women's Haircut
1406,Braids
1407,Women's Haircut
1408,Hair Color
1409,Hair Color
1410,Braids
1411,Braids
1412,Eyebrows
1413,Manicure
1414,Braids
1415,Men's Haircut
1416,Women's Haircut
1417,Hair Color
1418,Women's Haircut
1419,Men's Haircut
1420,Eyebrows
1421,Style
1422,Eyelashes
1423,Hair Treatments
1424,Women's Haircut
1425,Manicure
1426,Highlights
1427,Braids
1428,Eyebrows
1429,Weaves
1430,Women's Haircut
1431,Manicure
1432,Manicure
1433,Manicure
1434,Sets & Styles
1435,Women's Haircut
1436,Hair Color
1437,Natural Hair
1438,Women's Haircut
1439,Eyelashes
1440,Hair Color
1441,Hair Color
1442,Eyebrows
1443,Hair Color
1444,Women's Haircut
1445,Waxing
1446,Hair Color
1447,Relaxers
1448,Eyelashes
1449,Hair Color
1450,Weaves
1451,Eyelashes
1452,Hair Color
1453,Men's Haircut
1454,Hair Color
1455,Eyelashes
1456,Locs
1457,Manicure
1458,Braids
1459,Manicure
1460,Men's Haircut
1461,Hair Color
1462,Eyebrows
1463,Eyebrows
1464,Natural Hair
1465,Women's Haircut
1466,Hair Color
1467,Eyebrows
1468,Eyebrows
1469,Waxing
1470,Women's Haircut
1471,Hair Color
1472,Eyebrows
1473,Hair Color
1474,Women's Haircut
1475,Manicure
1476,Manicure
1477,Women's Haircut
1478,Men's Haircut
1479,Women's Haircut
1480,Women's Haircut
1481,Women's Haircut
1482,Eyelashes
1483,Braids
1484,Eyelashes
1485,Women's Haircut
1486,Eyelashes
1487,Natural Hair
1488,Hair Treatments
1489,Braids
1490,Sets & Styles
1491,Eyebrows
1492,Weaves
1493,Natural Hair
1494,Women's Haircut
1495,Women's Haircut
1496,Braids
1497,Hair Color
1498,Eyelashes
1499,Hair Color
1500,Natural Hair
1501,Women's Haircut
1502,Women's Haircut
1503,Hair Color
1504,Relaxers
1505,Hair Color
1506,Women's Haircut
1507,Eyelashes
1508,Braids
1509,Hair Color
1510,Manicure
1511,Women's Haircut
1512,Manicure
1513,Eyebrows
1514,Eyebrows
1515,Weaves
1516,Waxing
1517,Women's Haircut
1518,Hair Color
1519,Women's Haircut
1520,Highlights
1521,Hair Color
1522,Barber
1523,Eyelashes
1524,Men's Haircut
1525,Hair Color
1526,Women's Haircut
1527,Eyelashes
1528,Locs
1529,Braids
1530,Natural Hair
1531,Barber
1532,Manicure
1533,Hair Color
1534,Women's Haircut
1535,Natural Hair
1536,Makeup
1537,Hair Color
1538,Women's Haircut
1539,Women's Haircut
1540,Women's Haircut
1541,Braids
1542,Waxing
1543,Women's Haircut
1544,Men's Haircut
1545,Manicure
1546,Women's Haircut
1547,Women's Haircut
1548,Weaves
1549,Relaxers
1550,Eyebrows
1551,Braids
1552,Manicure
1553,Sets & Styles
1554,Manicure
1555,Hair Color
1556,Men's Haircut
1557,Hair Color
1558,Locs
1559,Natural Hair
1560,Hair Color
1561,Manicure
1562,Hair Color
1563,Men's Haircut
1564,Manicure
1565,Manicure
1566,Waxing
1567,Manicure
1568,Men's Haircut
1569,Hair Color
1570,Manicure
1571,Women's Haircut
1572,Hair Color
1573,Natural Hair
1574,Manicure
1575,Style
1576,Barber
1577,Hair Color
1578,Manicure
1579,Hair Color
1580,Men's Haircut
1581,Women's Haircut
1582,Eyelashes
1583,Manicure
1584,Weaves
1585,Hair Color
1586,Braids
1587,Hair Color
1588,Barber
1589,Hair Color
1590,Locs
1591,Locs
1592,Eyelashes
1593,Women's Haircut
1594,Hair Color
1595,Weaves
1596,Hair Color
1597,Highlights
1598,Waxing
1599,Hair Color
1600,Women's Haircut
1601,Women's Haircut
1602,Eyelashes
1603,Natural Hair
1604,Makeup
1605,Women's Haircut
1606,Eyebrows
1607,Hair Color
1608,Highlights
1609,Manicure
1610,Hair Color
1611,Natural Hair
1612,Eyelashes
1613,Hair Color
1614,Weaves
1615,Hair Color
1616,Men's Haircut
1617,Braids
1618,Makeup
1619,Manicure
1620,Sets & Styles
1621,Men's Haircut
1622,Women's Haircut
1623,Skincare
1624,Eyebrows
1625,Manicure
1626,Men's Haircut
1627,Men's Haircut
1628,Weaves
1629,Braids
1630,Men's Haircut
1631,Women's Haircut
1632,Women's Haircut
1633,Hair Color
1634,Eyebrows
1635,Manicure
1636,Men's Haircut
1637,Women's Haircut
1638,Women's Haircut
1639,Weaves
1640,Manicure
1641,Braids
1642,Weaves
1643,Women's Haircut
1644,Weaves
1645,Eyebrows
1646,Manicure
1647,Hair Color
1648,Women's Haircut
1649,Women's Haircut
1650,Eyebrows
1651,Manicure
1652,Women's Haircut
1653,Braids
1654,Hair Color
1655,Eyelashes
1656,Makeup
1657,Eyebrows
1658,Hair Color
1659,Women's Haircut
1660,Women's Haircut
1661,Women's Haircut
1662,Hair Color
1663,Weaves
1664,Natural Hair
1665,Manicure
1666,Hair Color
1667,Braids
1668,Eyelashes
1669,Waxing
1670,Natural Hair
1671,Hair Color
1672,Braids
1673,Eyebrows
1674,Skincare
1675,Natural Hair
1676,Women's Haircut
1677,Braids
1678,Natural Hair
1679,Braids
1680,Women's Haircut
1681,Braids
1682,Manicure
1683,Men's Haircut
1684,Hair Color
1685,Eyelashes
1686,Women's Haircut
1687,Natural Hair
1688,Eyebrows
1689,Women's Haircut
1690,Eyebrows
1691,Hair Color
1692,Weaves
1693,Women's Haircut
1694,Men's Haircut
1695,Women's Haircut
1696,Men's Haircut
1697,Natural Hair
1698,Manicure
1699,Hair Color
1700,Weaves
1701,Weaves
1702,Braids
1703,Eyelashes
1704,Hair Color
1705,Women's Haircut
1706,Braids
1707,Hair Color
1708,Men's Haircut
1709,Hair Color
1710,Eyelashes
1711,Braids
1712,Eyebrows
1713,Eyelashes
1714,Weaves
1715,Hair Color
1716,Weaves
1717,Eyebrows
1718,Eyebrows
1719,Hair Color
1720,Weaves
1721,Manicure
1722,Eyelashes
1723,Eyelashes
1724,Women's Haircut
1725,Women's Haircut
1726,Women's Haircut
1727,Women's Haircut
1728,Manicure
1729,Men's Haircut
1730,Manicure
1731,Braids
1732,Manicure
1733,Eyebrows
1734,Manicure
1735,Weaves
1736,Hair Color
1737,Hair Color
1738,Weaves
1739,Eyebrows
1740,Locs
1741,Women's Haircut
1742,Manicure
1743,Eyebrows
1744,Waxing
1745,Hair Color
1746,Hair Color
1747,Weaves
1748,Manicure
1749,Women's Haircut
1750,Hair Color
1751,Hair Treatments
1752,Weaves
1753,Eyelashes
1754,Women's Haircut
1755,Hair Color
1756,Women's Haircut
1757,Men's Haircut
1758,Weaves
1759,Braids
1760,Women's Haircut
1761,Manicure
1762,Eyebrows
1763,Eyebrows
1764,Women's Haircut
1765,Manicure
1766,Men's Haircut
1767,Braids
1768,Women's Haircut
1769,Manicure
1770,Braids
1771,Weaves
1772,Hair Color
1773,Women's Haircut
1774,Manicure
1775,Men's Haircut
1776,Manicure
1777,Women's Haircut
1778,Women's Haircut
1779,Manicure
1780,Eyelashes
1781,Eyelashes
1782,Manicure
1783,Eyebrows
1784,Eyebrows
1785,Style
1786,Locs
1787,Men's Haircut
1788,Natural Hair
1789,Weaves
1790,Hair Treatments
1791,Manicure
1792,Women's Haircut
1793,Manicure
1794,Braids
1795,Women's Haircut
1796,Weaves
1797,Hair Color
1798,Men's Haircut
1799,Eyebrows
1800,Eyebrows
1801,Manicure
1802,Manicure
1803,Braids
1804,Weaves
1805,Natural Hair
1806,Eyebrows
1807,Hair Color
1808,Style
1809,Eyebrows
1810,Natural Hair
1811,Eyelashes
1812,Hair Color
1813,Women's Haircut
1814,Women's Haircut
1815,Braids
1816,Hair Color
1817,Locs
1818,Women's Haircut
1819,Braids
1820,Women's Haircut
1821,Men's Haircut
1822,Eyelashes
1823,Women's Haircut
1824,Hair Color
1825,Manicure
1826,Weaves
1827,Hair Color
1828,Women's Haircut
1829,Weaves
1830,Hair Color
1831,Women's Haircut
1832,Women's Haircut
1833,Manicure
1834,Manicure
1835,Women's Haircut
1836,Highlights
1837,Eyelashes
1838,Hair Color
1839,Natural Hair
1840,Eyelashes
1841,Women's Haircut
1842,Barber
1843,Weaves
1844,Hair Color
1845,Eyelashes
1846,Hair Color
1847,Hair Color
1848,Braids
1849,Hair Color
1850,Eyebrows
1851,Women's Haircut
1852,Women's Haircut
1853,Manicure
1854,Skincare
1855,Manicure
1856,Manicure
1857,Braids
1858,Manicure
1859,Women's Haircut
1860,Women's Haircut
1861,Manicure
1862,Hair Color
1863,Hair Color
1864,Natural Hair
1865,Manicure
1866,Braids
1867,Men's Haircut
1868,Waxing
1869,Locs
1870,Braids
1871,Skincare
1872,Manicure
1873,Men's Haircut
1874,Men's Haircut
1875,Women's Haircut
1876,Women's Haircut
1877,Barber
1878,Natural Hair
1879,Women's Haircut
1880,Eyelashes
1881,Relaxers
1882,Women's Haircut
1883,Locs
1884,Manicure
1885,Manicure
1886,Weaves
1887,Style
1888,Manicure
1889,Manicure
1890,Hair Color
1891,Braids
1892,Women's Haircut
1893,Women's Haircut
1894,Manicure
1895,Women's Haircut
1896,Weaves
1897,Women's Haircut
1898,Hair Treatments
1899,Hair Color
1900,Braids
1901,Hair Color
1902,Sets & Styles
1903,Women's Haircut
1904,Hair Treatments
1905,Men's Haircut
1906,Style
1907,Hair Color
1908,Braids
1909,Manicure
1910,Women's Haircut
1911,Relaxers
1912,Relaxers
1913,Eyelashes
1914,Braids
1915,Braids
1916,Manicure
1917,Eyelashes
1918,Waxing
1919,Waxing
1920,Weaves
1921,Natural Hair
1922,Women's Haircut
1923,Weaves
1924,Natural Hair
1925,Weaves
1926,Eyebrows
1927,Hair Color
1928,Manicure
1929,Style
1930,Hair Color
1931,Weaves
1932,Hair Color
1933,Eyelashes
1934,Locs
1935,Hair Color
1936,Women's Haircut
1937,Weaves
1938,Women's Haircut
1939,Women's Haircut
1940,Eyebrows
1941,Women's Haircut
1942,Eyelashes
1943,Hair Color
1944,Relaxers
1945,Eyelashes
1946,Hair Color
1947,Women's Haircut
1948,Eyebrows
1949,Sets & Styles
1950,Weaves
1951,Eyelashes
1952,Hair Treatments
1953,Weaves
1954,Sets & Styles
1955,Women's Haircut
1956,Weaves
1957,Eyelashes
1958,Women's Haircut
1959,Hair Color
1960,Manicure
1961,Women's Haircut
1962,Natural Hair
1963,Hair Color
1964,Hair Color
1965,Hair Color
1966,Braids
1967,Women's Haircut
1968,Natural Hair
1969,Locs
1970,Eyebrows
1971,Braids
1972,Braids
1973,Eyelashes
1974,Relaxers
1975,Eyebrows
1976,Hair Color
1977,Weaves
1978,Hair Color
1979,Braids
1980,Hair Color
1981,Manicure
1982,Manicure
1983,Men's Haircut
1984,Eyelashes
1985,Women's Haircut
1986,Eyebrows
1987,Hair Color
1988,Hair Color
1989,Hair Color
1990,Men's Haircut
1991,Women's Haircut
1992,Braids
1993,Eyelashes
1994,Hair Color
1995,Eyebrows
1996,Hair Color
1997,Braids
1998,Men's Haircut
1999,Women's Haircut
